qid,gold_e2,pred_e2,em,x_rank,confidence
0,105751,99165,0,318,0.9312402606010437
1,73595,139847,0,7240,0.8775516450405121
2,115231,115231,1,1,0.8805114328861237
3,71672,107188,0,23961,0.8857804238796234
4,103216,126996,0,675,0.9446726739406586
5,80867,120459,0,108,0.8927791118621826
6,95905,73569,0,3753,0.853716254234314
7,128564,132962,0,300,0.865411639213562
8,71913,72961,0,68,0.8918750286102295
9,126532,125629,0,662,0.8850455582141876
10,99499,120551,0,8,0.8970025777816772
11,124222,101642,0,1693,0.9004205763339996
12,70189,115970,0,7188,0.866578996181488
13,109707,79115,0,1142,0.9107482731342316
14,119525,119525,1,1,0.894048810005188
15,127995,82034,0,2473,0.8899329304695129
16,120562,106989,0,2571,0.8702934384346008
17,70566,120375,0,531,0.8824387490749359
18,96208,92336,0,16,0.9227378368377686
19,74434,99797,0,11309,0.908417284488678
20,126311,114662,0,9911,0.9209157824516296
21,75131,104412,0,106,0.9251046478748322
22,113973,84018,0,9135,0.9040031135082245
23,101445,76005,0,34435,0.8745149075984955
24,83398,85338,0,384,0.8801820576190948
25,125163,71543,0,377,0.8896606862545013
26,78790,78790,1,1,0.9160547852516174
27,128116,98732,0,213,0.8554416596889496
28,99182,76552,0,375,0.8533552885055542
29,112890,122917,0,9472,0.8831204175949097
30,105266,72187,0,71001,0.8736637532711029
31,79330,121824,0,183,0.8968049883842468
32,128212,104219,0,10,0.9158265292644501
33,79864,87381,0,88,0.9005490243434906
34,119299,93186,0,953,0.8621551990509033
35,116320,115359,0,6798,0.8799048066139221
36,139090,74781,0,2207,0.8981983363628387
37,98903,77928,0,2268,0.8822708129882812
38,70020,119370,0,7140,0.8816229104995728
39,116305,131764,0,15,0.895066112279892
40,119379,113449,0,20820,0.8575853109359741
41,108798,191338,0,2,0.8929651975631714
42,80079,87597,0,35,0.9532789587974548
43,127246,122390,0,2,0.934415191411972
44,100575,102499,0,384,0.9203002750873566
45,114687,114687,1,1,0.8805761337280273
46,110906,114506,0,2,0.9132257401943207
47,95592,124159,0,316,0.8783982992172241
48,134205,70300,0,6,0.88319331407547
49,92182,95798,0,3,0.9400442838668823
50,127296,86425,0,43,0.8845748603343964
51,107045,78951,0,52,0.8869545161724091
52,120805,196342,0,40,0.9260372817516327
53,116935,107700,0,330,0.9455843567848206
54,128439,124936,0,877,0.9016130566596985
55,132220,87695,0,3940,0.8892508447170258
56,104756,109890,0,17722,0.8744265139102936
57,85500,100808,0,2310,0.8825808763504028
58,79376,104544,0,289,0.919865220785141
59,78261,94417,0,37,0.9196459054946899
60,105482,76050,0,7119,0.8605455160140991
61,123618,107962,0,427,0.8976583182811737
62,110940,110940,1,1,0.8924717903137207
63,124450,115236,0,14581,0.883638858795166
64,138861,108032,0,681,0.8947688639163971
65,119909,196774,0,3466,0.9150895774364471
66,136918,115474,0,21755,0.8596429824829102
67,103124,137561,0,1715,0.8461493849754333
68,98681,110793,0,294,0.9066046476364136
69,110779,123995,0,11,0.908992201089859
70,88781,137561,0,95118,0.8685639500617981
71,122221,85338,0,11143,0.886484295129776
72,138031,91874,0,561,0.8494935929775238
73,133840,194516,0,24,0.8832003772258759
74,99884,109352,0,2436,0.860489547252655
75,117215,76885,0,42,0.8603301048278809
76,97839,129428,0,15,0.9188169836997986
77,106454,103214,0,431,0.8753243386745453
78,94990,71543,0,81,0.8585593998432159
79,102570,190414,0,1009,0.884613960981369
80,90910,82167,0,21099,0.8705180287361145
81,86036,138957,0,8216,0.8736296892166138
82,78868,94843,0,11131,0.8888929486274719
83,128403,127381,0,370,0.91192626953125
84,88616,77122,0,141,0.9205358028411865
85,139763,111125,0,9,0.867862343788147
86,126614,106452,0,116,0.8612533807754517
87,134910,102867,0,1035,0.861299455165863
88,114102,90344,0,41,0.8576420843601227
89,93874,79379,0,387,0.9046519696712494
90,70571,128498,0,32,0.8928181529045105
91,136895,125123,0,52,0.9066621959209442
92,72804,176573,0,35,0.8372139036655426
93,117900,82561,0,4269,0.8806918263435364
94,121748,72976,0,110,0.8844151198863983
95,86659,109129,0,1826,0.8937779664993286
96,75255,192085,0,14371,0.85073322057724
97,76050,76050,1,1,0.879440575838089
98,83221,121824,0,21184,0.8964870870113373
99,105269,131065,0,2,0.8900713920593262
100,85622,101582,0,4663,0.8969384431838989
101,108262,123374,0,10994,0.8924798965454102
102,133149,127553,0,12592,0.8895814716815948
103,113885,85338,0,791,0.8936284482479095
104,99821,114258,0,34,0.8962187767028809
105,71140,93360,0,391,0.9376718401908875
106,136471,98278,0,4,0.8883011937141418
107,126029,89297,0,1886,0.8445285260677338
108,96941,84018,0,7,0.8958497643470764
109,95273,117796,0,242,0.9122253954410553
110,108286,113083,0,1283,0.9059796333312988
111,114092,194888,0,5418,0.8626630008220673
112,131735,128845,0,3,0.9039238393306732
113,131856,84018,0,7549,0.8859956860542297
114,86081,85024,0,7646,0.8834627568721771
115,73297,111819,0,3328,0.8898806273937225
116,111802,118740,0,1147,0.8749878704547882
117,96860,84018,0,4013,0.8856255114078522
118,113658,80330,0,7962,0.8793786466121674
119,129588,124049,0,11752,0.9238771200180054
120,114969,71988,0,6,0.8512552678585052
121,131034,87793,0,92,0.909949779510498
122,127010,97103,0,838,0.8935182988643646
123,124709,107916,0,6054,0.9142482876777649
124,70342,74001,0,5808,0.8596563935279846
125,81879,71565,0,692,0.922541618347168
126,89142,103040,0,1615,0.9221809804439545
127,129440,106923,0,22238,0.884112685918808
128,129591,109352,0,1064,0.8747977912425995
129,105412,105412,1,1,0.9090841710567474
130,71781,114506,0,715,0.9188132882118225
131,125038,77186,0,2556,0.8891830742359161
132,83883,83522,0,33,0.8520978689193726
133,74227,85492,0,371,0.899398922920227
134,91832,133864,0,46114,0.8889262974262238
135,79518,82975,0,1861,0.9316863119602203
136,132419,137052,0,9422,0.8698253631591797
137,124896,90772,0,118,0.9249885678291321
138,103211,80289,0,365,0.8651159703731537
139,127919,110034,0,152,0.8647481799125671
140,121060,93750,0,203,0.879575788974762
141,100582,123508,0,4,0.8872299790382385
142,78847,94158,0,2,0.8866151571273804
143,89387,104192,0,80,0.927553802728653
144,76615,93306,0,75,0.9404916167259216
145,78428,130167,0,481,0.8909048140048981
146,78135,82167,0,33917,0.8941923379898071
147,121765,132745,0,226,0.9323883056640625
148,137917,89999,0,8,0.9233562350273132
149,86736,98477,0,273,0.8892370760440826
150,135877,76766,0,9,0.8795349597930908
151,116480,98106,0,1225,0.9257713556289673
152,88479,102499,0,25275,0.9264049232006073
153,94405,125246,0,31,0.909855991601944
154,83013,71261,0,81,0.9102541208267212
155,109600,128845,0,7974,0.8817729949951172
156,135627,85338,0,8859,0.8820168673992157
157,123915,95757,0,29,0.9150294959545135
158,125588,195351,0,374,0.8815377950668335
159,120346,116236,0,2187,0.8738848567008972
160,99673,109229,0,1266,0.88400998711586
161,131518,73722,0,430,0.8895482420921326
162,131778,78672,0,24258,0.8643480539321899
163,134199,175440,0,190,0.9404173493385315
164,105358,128872,0,747,0.8877981901168823
165,121077,112332,0,3944,0.9046070575714111
166,124384,77370,0,2,0.8565737307071686
167,115021,121551,0,37,0.8802808225154877
168,102794,138091,0,192,0.870208352804184
169,135259,97452,0,371,0.9249065220355988
170,136309,136309,1,1,0.8824604153633118
171,96059,137561,0,7790,0.8852563798427582
172,79027,187517,0,1397,0.8707201778888702
173,116796,90865,0,98,0.8834192752838135
174,135445,90266,0,246,0.8804851174354553
175,113078,117759,0,399,0.8936178088188171
176,131857,75025,0,3415,0.8791188299655914
177,72318,101519,0,17665,0.8793478608131409
178,94863,79626,0,27,0.8602084517478943
179,104006,136410,0,56,0.8900602161884308
180,77601,79422,0,27,0.8905346989631653
181,116694,136156,0,15,0.9313728213310242
182,110120,136221,0,13546,0.863789975643158
183,116473,182647,0,6,0.8849153518676758
184,76163,74700,0,13,0.9091016352176666
185,94931,94931,1,1,0.903355747461319
186,133915,131701,0,27705,0.8590869605541229
187,83882,118139,0,4843,0.8758787214756012
188,98337,87781,0,1931,0.8501051962375641
189,112910,74887,0,105,0.9293188452720642
190,100450,109302,0,2,0.8749929368495941
191,132048,81510,0,56,0.9424919486045837
192,130442,182343,0,1826,0.8517710566520691
193,129699,130166,0,243,0.869394451379776
194,106896,74151,0,499,0.8917482495307922
195,72799,136516,0,5684,0.8951374888420105
196,95783,84024,0,72,0.8831540644168854
197,104403,80168,0,2048,0.8869882524013519
198,82086,81423,0,377,0.9453272819519043
199,99026,98106,0,927,0.9408998787403107
200,107126,80271,0,441,0.9250633716583252
201,106321,106321,1,1,0.8656585812568665
202,107481,74834,0,216,0.8874784708023071
203,126123,104861,0,4282,0.9122181832790375
204,75805,130799,0,500,0.9271467328071594
205,81906,101846,0,160,0.9205750226974487
206,90691,123374,0,9665,0.8409796357154846
207,138003,137241,0,38,0.8750316798686981
208,93935,72552,0,7985,0.8781755566596985
209,99793,109222,0,2722,0.891223132610321
210,80386,75183,0,1569,0.8835004568099976
211,103036,111825,0,6295,0.8815213143825531
212,118026,125872,0,18047,0.8946854174137115
213,132143,76570,0,58532,0.8793231844902039
214,73354,97936,0,2780,0.8985584378242493
215,101529,179707,0,13,0.9047015309333801
216,82466,132742,0,1574,0.8839976191520691
217,114073,83281,0,1196,0.9348043501377106
218,127423,73002,0,796,0.8900963068008423
219,134986,185225,0,3363,0.8747710585594177
220,78249,78249,1,1,0.9193933308124542
221,80293,128085,0,9772,0.9070072174072266
222,84754,119205,0,349,0.8861889243125916
223,75698,132946,0,14548,0.8907707929611206
224,129011,127042,0,2239,0.8717944324016571
225,120669,93306,0,41,0.9461466372013092
226,90919,83522,0,6819,0.8727806210517883
227,109966,94504,0,286,0.9318029284477234
228,139643,131597,0,30,0.9224380254745483
229,101828,108689,0,53,0.853239893913269
230,135469,126095,0,4,0.8829664289951324
231,105499,180065,0,521,0.9021968841552734
232,81904,76289,0,363,0.9504200518131256
233,92244,139418,0,45,0.9224930107593536
234,90618,105506,0,4,0.9013970494270325
235,107433,107433,1,1,0.903412789106369
236,75375,94718,0,21,0.8653347194194794
237,110443,110443,1,1,0.9062404632568359
238,89496,129261,0,84,0.9380583167076111
239,139117,105242,0,4393,0.8751879036426544
240,97525,71718,0,9,0.9100959599018097
241,82125,110543,0,327,0.9210900068283081
242,121898,121898,1,1,0.9107587337493896
243,91219,105801,0,28218,0.8736113607883453
244,119685,109994,0,446,0.9264375269412994
245,131351,90744,0,2565,0.8673610389232635
246,82686,75362,0,5262,0.9115285873413086
247,72370,196781,0,497,0.9065643548965454
248,70975,199810,0,577,0.9209678173065186
249,110124,97132,0,158,0.9087368547916412
250,88343,131408,0,846,0.9018335044384003
251,83327,118966,0,2899,0.9138954877853394
252,82303,70487,0,47,0.9127507209777832
253,121830,84018,0,63,0.9061560928821564
254,118330,188502,0,3069,0.8547629415988922
255,108543,91067,0,3452,0.8943053483963013
256,83417,174585,0,422,0.8759616911411285
257,89969,107406,0,5279,0.8916029632091522
258,134441,106321,0,8286,0.8699650168418884
259,90449,95796,0,682,0.8874969780445099
260,88418,98278,0,498,0.8566689491271973
261,129585,118629,0,445,0.8926813304424286
262,138694,116236,0,413,0.8759849369525909
263,73841,120516,0,91,0.8642833530902863
264,129753,96830,0,263,0.9189402461051941
265,122799,75939,0,24377,0.9133981466293335
266,104525,95939,0,728,0.89357128739357
267,121891,112284,0,4,0.8480938673019409
268,122431,95093,0,6032,0.9063587784767151
269,105251,114301,0,3364,0.8925033509731293
270,115018,124484,0,2773,0.8898735642433167
271,126337,86334,0,44,0.8874813616275787
272,122528,78413,0,39,0.9017572104930878
273,122167,71906,0,94,0.9112432301044464
274,73914,97314,0,1095,0.9259893000125885
275,132928,83386,0,30802,0.8931031823158264
276,133572,87742,0,1264,0.8931269645690918
277,97101,119317,0,1539,0.8705437779426575
278,137750,104071,0,480,0.9045278429985046
279,129964,129047,0,5,0.9071584641933441
280,77795,95000,0,2044,0.9116631150245667
281,130652,134630,0,726,0.87073615193367
282,110065,82002,0,18,0.8821328282356262
283,78687,107085,0,52596,0.8785580098628998
284,118485,123606,0,23170,0.8656246960163116
285,79156,82196,0,37600,0.9287556707859039
286,134161,85299,0,1273,0.9113466143608093
287,134521,109873,0,35699,0.9322065114974976
288,91413,121300,0,15379,0.883156418800354
289,85887,118731,0,28132,0.8673228323459625
290,134318,115116,0,295,0.8829773366451263
291,87588,133964,0,392,0.9463997483253479
292,127335,94155,0,352,0.9165486991405487
293,74716,70362,0,110,0.9252378344535828
294,130095,130095,1,1,0.8783242106437683
295,92236,119901,0,1355,0.873418778181076
296,77672,127553,0,4,0.905014842748642
297,88817,86099,0,4,0.9155716300010681
298,105681,90688,0,1027,0.8611588478088379
299,85182,107392,0,1918,0.932897537946701
300,131505,186474,0,3527,0.8909434378147125
301,71963,131396,0,28,0.8746304214000702
302,139265,111483,0,20810,0.8820112347602844
303,124390,86391,0,3,0.933954656124115
304,75776,82299,0,2080,0.8979830145835876
305,121206,81740,0,144,0.9131889045238495
306,81399,114515,0,38,0.8703336417675018
307,70372,121300,0,8651,0.8696333169937134
308,88881,108657,0,37859,0.9044698774814606
309,89000,89000,1,1,0.9234505593776703
310,136995,88244,0,15429,0.8760378956794739
311,134386,181495,0,1448,0.9424466788768768
312,112471,77792,0,2490,0.8818832635879517
313,108948,92145,0,2,0.893547534942627
314,84646,81679,0,79,0.8674647212028503
315,130589,138209,0,1038,0.8673096895217896
316,133950,115575,0,9087,0.8841752111911774
317,138999,134388,0,132,0.9313431084156036
318,115766,94289,0,110,0.8818485140800476
319,107300,107601,0,2390,0.8859014213085175
320,111893,114624,0,177,0.9377753734588623
321,133714,91647,0,15459,0.8905467391014099
322,87143,87143,1,1,0.920506477355957
323,89503,123466,0,2,0.837693989276886
324,75990,123368,0,8378,0.8936658799648285
325,82592,107044,0,232,0.9109991192817688
326,103742,96345,0,7420,0.8681575655937195
327,112730,127553,0,4198,0.9079851508140564
328,108716,89604,0,4,0.895143449306488
329,125652,119890,0,4509,0.8580011427402496
330,75016,93097,0,1155,0.885241836309433
331,128693,91737,0,542,0.9211633801460266
332,114816,137103,0,2044,0.8811768889427185
333,129661,107316,0,3714,0.8828822672367096
334,82711,108554,0,23,0.8942356109619141
335,89530,104924,0,51,0.9110300242900848
336,105419,124861,0,75,0.8999642729759216
337,117284,117284,1,1,0.9409558176994324
338,124091,179793,0,5966,0.8741069138050079
339,114898,78610,0,46,0.9225704669952393
340,92545,85684,0,24,0.8512756824493408
341,138144,100655,0,2,0.9318211078643799
342,118702,111086,0,1699,0.9029751718044281
343,130341,94133,0,155,0.9320265650749207
344,79556,115639,0,3964,0.9007217586040497
345,89399,104979,0,101,0.8628795444965363
346,119684,72752,0,106,0.8581937551498413
347,135930,135930,1,1,0.9611148834228516
348,119652,91719,0,9,0.9124549329280853
349,134476,71572,0,33150,0.8570196032524109
350,91475,94009,0,3,0.9336020946502686
351,135418,101139,0,552,0.916868269443512
352,98475,116166,0,233,0.9104412198066711
353,89238,119136,0,318,0.8900125324726105
354,104939,79263,0,2,0.8807873427867889
355,90834,139268,0,2398,0.9393109083175659
356,99405,77981,0,82,0.9182523488998413
357,113637,79115,0,12121,0.9036907255649567
358,131002,189102,0,5,0.8989775478839874
359,124886,87695,0,239,0.8822001218795776
360,70444,87758,0,40,0.9453352987766266
361,113884,123368,0,4423,0.9033287763595581
362,101816,70276,0,12,0.9328106045722961
363,117545,116134,0,3,0.9229938089847565
364,94457,87615,0,3653,0.8579352498054504
365,97206,181047,0,522,0.8651919960975647
366,112797,111086,0,6315,0.8924103081226349
367,133370,77003,0,13857,0.8972435891628265
368,108023,84018,0,337,0.8987922966480255
369,129845,116393,0,7099,0.8633944690227509
370,95242,129670,0,72,0.8940259516239166
371,97104,93494,0,220,0.885123997926712
372,111654,106309,0,515,0.8888624906539917
373,119649,136740,0,214,0.8615235388278961
374,117200,117796,0,2738,0.8986864984035492
375,75449,77454,0,122,0.9082646369934082
376,89780,115116,0,321,0.8763565421104431
377,114007,128083,0,15044,0.9026139974594116
378,98837,123645,0,598,0.9090240895748138
379,90629,179411,0,2706,0.8760884404182434
380,75108,108153,0,701,0.885841965675354
381,97865,73766,0,5,0.8823866546154022
382,112164,112164,1,1,0.9206154346466064
383,130049,96731,0,2133,0.8890042006969452
384,118306,106870,0,2986,0.9163993000984192
385,122553,122368,0,289,0.861735463142395
386,102790,113500,0,4115,0.8764449059963226
387,131581,72919,0,2050,0.9324755966663361
388,120368,185122,0,26,0.9397182166576385
389,118482,90658,0,4193,0.879196047782898
390,117498,190674,0,1497,0.8741612434387207
391,95459,87115,0,24852,0.8641539812088013
392,101341,112944,0,20,0.8879646360874176
393,98271,75260,0,20969,0.888826310634613
394,75038,82323,0,1181,0.8782315254211426
395,121734,137561,0,4162,0.9072316288948059
396,79767,86925,0,11625,0.921186625957489
397,138569,71490,0,598,0.8847985565662384
398,109815,76005,0,188,0.8598624169826508
399,110317,123374,0,12065,0.8749212026596069
400,110936,89923,0,864,0.8962731659412384
401,125054,105933,0,6196,0.8956075608730316
402,91791,106405,0,50,0.8564847111701965
403,88864,106197,0,249,0.9049534201622009
404,103134,113411,0,244,0.9282100200653076
405,83345,126268,0,897,0.9256045520305634
406,104848,86603,0,413,0.88620525598526
407,98919,104901,0,17,0.9085714221000671
408,74884,100324,0,11930,0.8916420936584473
409,128032,76289,0,172,0.9528810083866119
410,91270,80819,0,56,0.903297483921051
411,110740,192210,0,35,0.9167121648788452
412,98602,133649,0,43478,0.8771788477897644
413,122733,115283,0,1162,0.8992101550102234
414,71525,126803,0,79,0.923445075750351
415,114920,181815,0,54,0.8957381844520569
416,109306,77514,0,16290,0.8744837939739227
417,101797,113570,0,132,0.8788461089134216
418,110097,71386,0,5343,0.8992112278938293
419,139197,128825,0,459,0.8960803747177124
420,76273,132435,0,10195,0.8452066779136658
421,111237,76885,0,7017,0.8968607187271118
422,116230,137108,0,9162,0.8735538423061371
423,127362,127362,1,1,0.8851501643657684
424,109090,90580,0,3197,0.8980606198310852
425,131108,84107,0,18898,0.8885099589824677
426,92186,70420,0,212,0.9347846508026123
427,117342,91790,0,515,0.9102509617805481
428,72778,76811,0,57,0.9187102019786835
429,106319,85101,0,266,0.9008066952228546
430,101496,91596,0,1421,0.8701772689819336
431,111057,100828,0,2087,0.9031051993370056
432,139754,119060,0,3126,0.9144165813922882
433,119573,72965,0,107,0.8878782093524933
434,105036,105036,1,1,0.9154468178749084
435,136231,114632,0,2664,0.9282313883304596
436,119561,125200,0,230,0.9188154637813568
437,98785,79560,0,5643,0.8559148907661438
438,138816,106655,0,10893,0.8873628377914429
439,95410,113411,0,95,0.929687887430191
440,91429,85432,0,10577,0.8595707416534424
441,136008,112784,0,38,0.9227912425994873
442,112492,138562,0,4525,0.8752869665622711
443,112848,112848,1,1,0.864075094461441
444,98358,91036,0,1078,0.8828179240226746
445,83861,116762,0,1775,0.8949668705463409
446,88079,71724,0,279,0.9368312358856201
447,76076,119384,0,29254,0.8914525210857391
448,81342,95916,0,17537,0.8560026288032532
449,136972,118822,0,220,0.8714028596878052
450,108823,108823,1,1,0.9148478806018829
451,126146,126146,1,1,0.8750713467597961
452,139985,100324,0,192,0.9056502282619476
453,83476,86825,0,585,0.8893098533153534
454,90038,88478,0,426,0.9294118881225586
455,94716,106309,0,122,0.8711950480937958
456,139144,111005,0,1677,0.891023188829422
457,114372,90392,0,1666,0.8981224298477173
458,82412,171002,0,3,0.9320479333400726
459,81693,87637,0,280,0.9242361783981323
460,97522,130372,0,77,0.9315584301948547
461,125948,98811,0,43,0.8782463073730469
462,136722,71703,0,5128,0.8967530131340027
463,128452,127553,0,1240,0.9014116525650024
464,93825,82034,0,11,0.8874114751815796
465,120623,123212,0,3737,0.9195053577423096
466,113659,71565,0,32,0.9307813346385956
467,84359,119140,0,10,0.8861289620399475
468,92406,92406,1,1,0.8824297189712524
469,123014,98012,0,518,0.9052768349647522
470,126038,82034,0,800,0.880648136138916
471,134325,88765,0,10429,0.8733600676059723
472,86045,197020,0,980,0.8848108947277069
473,110031,115474,0,10952,0.8738303184509277
474,110207,106655,0,2771,0.8720969557762146
475,97056,196995,0,513,0.9340791702270508
476,103558,123699,0,504,0.8950833976268768
477,76093,75122,0,990,0.8726983368396759
478,94177,98888,0,237,0.9109584987163544
479,76443,125197,0,222,0.9051311612129211
480,84111,81563,0,4098,0.9072973430156708
481,117608,90417,0,265,0.9116826057434082
482,106542,115402,0,119,0.9047868251800537
483,125561,84938,0,78,0.85126593708992
484,71129,126663,0,22,0.8316681981086731
485,130570,103223,0,53367,0.9151075184345245
486,76319,93730,0,345,0.8914426565170288
487,97432,128430,0,2689,0.9126430153846741
488,79797,94003,0,10954,0.8569997251033783
489,110596,134699,0,5955,0.891499787569046
490,119831,105114,0,2381,0.8799662590026855
491,121459,116821,0,2291,0.8916062414646149
492,104707,88519,0,4,0.8812030255794525
493,80913,71906,0,7520,0.9126897156238556
494,87173,191548,0,31,0.878973513841629
495,135371,89999,0,399,0.915054202079773
496,91189,101377,0,11444,0.8376355469226837
497,135428,84018,0,2663,0.8868941962718964
498,83722,110045,0,550,0.8564384281635284
499,106497,115575,0,409,0.8905548751354218
500,90648,133042,0,3333,0.9052496254444122
501,129944,123212,0,1039,0.9175365567207336
502,133190,70292,0,5,0.902251273393631
503,105764,91162,0,52,0.9202902615070343
504,118620,106565,0,469,0.8776328265666962
505,79383,79383,1,1,0.854772537946701
506,114600,85290,0,6443,0.8763443827629089
507,133440,82939,0,5721,0.8835212886333466
508,105355,121734,0,4,0.8930669128894806
509,101514,74580,0,1129,0.8565399944782257
510,107519,120110,0,283,0.8826182186603546
511,119743,139268,0,395,0.9359857738018036
512,91868,138005,0,9221,0.9197471141815186
513,101493,85338,0,526,0.8873423039913177
514,138203,138203,1,1,0.9149460196495056
515,133561,137052,0,3434,0.8702426254749298
516,99723,123388,0,1381,0.8839434385299683
517,138738,83343,0,26,0.9281410574913025
518,82512,74627,0,14,0.8535131812095642
519,91891,86693,0,829,0.8912663757801056
520,87166,118167,0,2,0.899819016456604
521,109065,86108,0,131,0.9287196695804596
522,71452,105801,0,1178,0.8769716024398804
523,77830,180352,0,3867,0.9145566821098328
524,126365,123374,0,1706,0.8896879553794861
525,138137,137690,0,157,0.9045611321926117
526,108194,93467,0,4938,0.9009761810302734
527,93749,129925,0,11523,0.8717487454414368
528,112528,85551,0,109,0.8952733874320984
529,126674,139268,0,1289,0.9271672964096069
530,124862,72939,0,946,0.8862039744853973
531,106292,74767,0,3066,0.8721369504928589
532,92153,97220,0,9,0.908689022064209
533,129183,75854,0,70,0.9254215359687805
534,73700,73700,1,1,0.9048832952976227
535,83469,71202,0,677,0.8779484927654266
536,87926,91218,0,1682,0.8615739345550537
537,106704,111506,0,2421,0.8778054416179657
538,106262,198218,0,2,0.9490990936756134
539,77495,79869,0,10,0.8463168442249298
540,100644,86899,0,20,0.9030773937702179
541,127448,128053,0,10,0.877881795167923
542,75687,185856,0,223,0.8740268051624298
543,138438,129034,0,91,0.8790857791900635
544,99215,88197,0,78,0.8866492211818695
545,71009,105311,0,21330,0.8639755249023438
546,124856,100412,0,666,0.8748807609081268
547,120817,94947,0,3668,0.8712379038333893
548,108528,127643,0,1210,0.881373405456543
549,134862,71202,0,264,0.8969969153404236
550,113059,127643,0,1445,0.88780277967453
551,106717,115236,0,232,0.8589083552360535
552,139504,111332,0,183,0.8853709399700165
553,98048,111119,0,180,0.8755874633789062
554,73445,106412,0,2,0.8938331305980682
555,99377,82150,0,81,0.8917403519153595
556,94605,171950,0,12325,0.9031592905521393
557,112427,80181,0,62,0.8960362076759338
558,106286,116491,0,365,0.8989591598510742
559,135612,90037,0,14,0.9356529116630554
560,112684,75311,0,571,0.8580298721790314
561,95118,78830,0,167,0.90675488114357
562,114037,81688,0,217,0.8448343575000763
563,133890,77586,0,17234,0.8642646074295044
564,99165,73925,0,2654,0.8960253596305847
565,119192,87749,0,727,0.9390071928501129
566,119247,117796,0,15457,0.8910140097141266
567,108933,95712,0,6502,0.8679409027099609
568,83542,132575,0,542,0.9238762259483337
569,110286,139900,0,72499,0.8660813570022583
570,97199,87614,0,637,0.896924614906311
571,121958,95736,0,1346,0.8945682644844055
572,77856,113657,0,10631,0.8694439232349396
573,139738,111665,0,1023,0.9054116904735565
574,93816,86979,0,97,0.9374341070652008
575,121525,77854,0,132,0.9349285066127777
576,116905,127553,0,4647,0.9086410999298096
577,122758,94026,0,10126,0.8760151565074921
578,97693,139549,0,6,0.8644078373908997
579,104884,108612,0,2383,0.9099332690238953
580,131549,128305,0,427,0.9377643465995789
581,72486,85338,0,5301,0.8736841380596161
582,92844,182106,0,7,0.883237898349762
583,78143,99013,0,121,0.8901425302028656
584,118751,90938,0,581,0.9010103642940521
585,106610,100918,0,564,0.8689974546432495
586,71247,136115,0,230,0.8803213536739349
587,121655,139939,0,3,0.8908087909221649
588,85941,198150,0,2,0.9424331486225128
589,83168,77158,0,97,0.8878275156021118
590,111117,111117,1,1,0.9368259310722351
591,110117,124159,0,2063,0.8645871877670288
592,127036,122318,0,1474,0.8895675837993622
593,118946,115836,0,31476,0.8699263632297516
594,120396,126510,0,1007,0.8952870070934296
595,139409,117796,0,5926,0.8982023000717163
596,82095,103615,0,46,0.9213071465492249
597,132561,121734,0,3161,0.8750913143157959
598,96536,132463,0,628,0.8760119378566742
599,121685,172725,0,12,0.9283148348331451
600,78626,113411,0,258,0.9125270545482635
601,112604,76246,0,4,0.8933143317699432
602,138262,131705,0,1583,0.9199398159980774
603,73854,128589,0,306,0.8558984398841858
604,108378,183978,0,3499,0.9062430560588837
605,74729,75179,0,3,0.8959740400314331
606,95254,127553,0,865,0.9095655083656311
607,99066,82540,0,5,0.8914678692817688
608,85925,122865,0,5894,0.8589602410793304
609,124509,111513,0,709,0.8982295393943787
610,97474,196992,0,556,0.9361558556556702
611,116544,126268,0,1235,0.9278132319450378
612,118146,76666,0,13088,0.8927927315235138
613,77084,77068,0,75,0.9038605690002441
614,103230,85430,0,2756,0.9025010764598846
615,135721,124159,0,555,0.8599288463592529
616,77293,119140,0,40434,0.8992112278938293
617,126866,76321,0,17102,0.8604685664176941
618,123762,86994,0,4,0.9000503420829773
619,78538,188700,0,20194,0.8918461501598358
620,72561,84390,0,413,0.8676514625549316
621,97963,99584,0,132,0.884919285774231
622,70245,92411,0,2970,0.8757914900779724
623,127497,97298,0,57690,0.8977817595005035
624,136372,136372,1,1,0.9151910841464996
625,128251,114541,0,272,0.9472618103027344
626,108856,78025,0,1353,0.8959401249885559
627,111421,123938,0,30472,0.8849072158336639
628,123124,100215,0,769,0.8880748152732849
629,85151,89618,0,2552,0.9354027807712555
630,119345,129496,0,18503,0.8797954320907593
631,91778,91883,0,419,0.8930704593658447
632,85828,79041,0,3,0.901962161064148
633,133052,134437,0,3,0.9274313151836395
634,77792,110423,0,25,0.884556770324707
635,114381,91218,0,5659,0.8881351053714752
636,111754,110048,0,3053,0.8673220276832581
637,88792,77881,0,2281,0.8713374137878418
638,92543,87973,0,19083,0.8555415272712708
639,83274,113148,0,3617,0.896991491317749
640,103749,133778,0,285,0.8721370697021484
641,133497,123645,0,1348,0.9235874712467194
642,126945,126010,0,4,0.8614908158779144
643,132821,110603,0,4,0.8604290783405304
644,122224,120366,0,657,0.8740354776382446
645,128608,114445,0,617,0.9303012788295746
646,92095,75183,0,2689,0.868326336145401
647,112840,112840,1,1,0.9160005748271942
648,100727,138527,0,3,0.8813934624195099
649,119206,117407,0,6484,0.9026286900043488
650,72833,81892,0,2398,0.8957140743732452
651,81057,114753,0,131,0.9188632667064667
652,82213,99971,0,1452,0.9063111841678619
653,114520,100125,0,874,0.8877093493938446
654,92409,114136,0,10,0.9065198600292206
655,95191,87617,0,8933,0.868069589138031
656,80595,87614,0,86,0.9064049124717712
657,116456,94884,0,621,0.9182502627372742
658,111847,105801,0,20793,0.881132185459137
659,85065,95772,0,2,0.9002543389797211
660,102484,87075,0,679,0.9170304834842682
661,129006,92744,0,75,0.8478708267211914
662,81521,127553,0,8638,0.9186435341835022
663,92089,93097,0,442,0.8944172263145447
664,122406,93467,0,19213,0.9091330766677856
665,113951,125583,0,558,0.948345959186554
666,88890,112971,0,14919,0.8903622925281525
667,113401,92925,0,7954,0.868642270565033
668,130471,172982,0,3019,0.8384386003017426
669,70689,115727,0,10156,0.870443731546402
670,93345,70292,0,8910,0.8868077993392944
671,82670,92138,0,61,0.8899155855178833
672,74122,74122,1,1,0.8919517397880554
673,99795,83702,0,7570,0.9146210849285126
674,85666,95503,0,2,0.8913145065307617
675,90555,108417,0,4738,0.8697072863578796
676,87766,76738,0,113,0.9210318624973297
677,104887,82034,0,53,0.8797867894172668
678,122868,116379,0,2,0.916120171546936
679,136442,80061,0,163,0.8747747540473938
680,78227,104979,0,75,0.8938885927200317
681,107720,122163,0,400,0.8533674478530884
682,126908,126908,1,1,0.9463480114936829
683,131315,123374,0,1284,0.8876125514507294
684,75192,126955,0,46314,0.8844493925571442
685,126758,116519,0,1492,0.9384448230266571
686,96493,105111,0,332,0.9033620059490204
687,113310,81923,0,1650,0.8750821948051453
688,110248,181557,0,30047,0.8845012485980988
689,124990,91489,0,2,0.9241248071193695
690,115144,105108,0,1812,0.9059965908527374
691,112856,132431,0,101,0.8894402086734772
692,109405,133521,0,8658,0.877084344625473
693,131978,117144,0,753,0.9140391945838928
694,80154,96830,0,18685,0.9335930347442627
695,87703,123368,0,1114,0.9134339988231659
696,123778,188688,0,787,0.911304384469986
697,137889,84231,0,2348,0.8856451511383057
698,109389,109389,1,1,0.911962628364563
699,118587,106984,0,382,0.8886380791664124
700,128367,110628,0,25483,0.8735710084438324
701,136914,98813,0,149,0.890400230884552
702,104727,135831,0,3,0.9132857918739319
703,81381,133293,0,15805,0.8852497339248657
704,131555,97886,0,16,0.8544313907623291
705,114124,103966,0,34457,0.907182902097702
706,115553,92083,0,14,0.9144687056541443
707,124734,197020,0,113,0.8957646489143372
708,119237,109409,0,56,0.9235499501228333
709,78399,123547,0,266,0.8335912227630615
710,97269,90219,0,198,0.9121277332305908
711,114033,83943,0,29346,0.893782913684845
712,90592,94191,0,1144,0.8976967334747314
713,99487,118552,0,21141,0.8758003413677216
714,111141,93048,0,332,0.9402076303958893
715,129455,97010,0,390,0.863338440656662
716,77950,93280,0,181,0.9078592658042908
717,134545,95157,0,8571,0.8910004496574402
718,119707,176995,0,65,0.9228326082229614
719,98646,122027,0,311,0.90131676197052
720,79662,94785,0,190,0.8927083611488342
721,109283,76546,0,679,0.8680998980998993
722,127746,88595,0,35578,0.8514064252376556
723,80296,79104,0,8527,0.9171598553657532
724,114278,88835,0,2,0.8882449269294739
725,111123,118821,0,4928,0.8831954598426819
726,124268,110986,0,51015,0.8877241015434265
727,104567,107316,0,3738,0.8949769139289856
728,107646,106655,0,278,0.8956213891506195
729,72991,84622,0,10,0.9039269387722015
730,71945,134088,0,8,0.8831502795219421
731,132599,199340,0,1190,0.8608165383338928
732,135133,129410,0,241,0.8820155560970306
733,76695,122762,0,289,0.9219395816326141
734,108644,135368,0,244,0.8898403942584991
735,86202,72651,0,6368,0.874268651008606
736,75137,121291,0,1241,0.9292708933353424
737,117725,84018,0,3585,0.8625185489654541
738,92618,91930,0,383,0.946372002363205
739,107380,97138,0,1073,0.9459449350833893
740,91524,82167,0,8,0.8951893448829651
741,119947,126537,0,1053,0.8663538992404938
742,108863,115881,0,360,0.9244602918624878
743,124458,89210,0,6903,0.8702503442764282
744,138666,106923,0,1224,0.8710604608058929
745,105184,127529,0,2,0.9173603653907776
746,137387,91930,0,764,0.9099056720733643
747,108721,97568,0,2397,0.8648657202720642
748,138891,110384,0,13,0.8675670027732849
749,81954,179815,0,23282,0.9145208299160004
750,122412,98502,0,1284,0.8832912445068359
751,128774,106227,0,25,0.9034670293331146
752,128031,91218,0,50,0.8649414479732513
753,122472,113819,0,17989,0.9153324067592621
754,86541,123374,0,731,0.8801456987857819
755,124348,111967,0,5,0.9198359251022339
756,138921,138921,1,1,0.9280243217945099
757,125771,100898,0,26843,0.8473214209079742
758,124298,94387,0,1771,0.9355838596820831
759,99960,135081,0,17,0.9098764061927795
760,110362,131976,0,805,0.8832760751247406
761,78581,91815,0,6567,0.8552800118923187
762,93229,117792,0,51,0.9002477824687958
763,82497,176782,0,295,0.9093490540981293
764,120599,131514,0,263,0.8764623701572418
765,123185,91647,0,11213,0.8757387399673462
766,77176,139820,0,1882,0.8857354819774628
767,96068,75183,0,4844,0.8859203159809113
768,72888,109741,0,655,0.8581454455852509
769,114809,92801,0,398,0.920616865158081
770,104999,87746,0,15886,0.9198787212371826
771,116717,135018,0,19000,0.8807645738124847
772,70557,132745,0,510,0.9196683466434479
773,97698,97698,1,1,0.9093905985355377
774,88235,71451,0,1376,0.9221716821193695
775,131256,181168,0,554,0.8599642813205719
776,72984,108417,0,18001,0.8662435114383698
777,76035,98502,0,3398,0.8881186544895172
778,102342,120149,0,12,0.8988140225410461
779,138464,136903,0,38,0.9139512777328491
780,122824,82975,0,43,0.8919238150119781
781,104076,74834,0,26,0.8863639235496521
782,73374,107044,0,171,0.918771892786026
783,111124,121217,0,32670,0.89028599858284
784,125387,107987,0,4,0.878195583820343
785,97302,102434,0,12805,0.894514799118042
786,92673,83140,0,3,0.9126743674278259
787,108938,112332,0,26,0.8752686679363251
788,71700,106580,0,43,0.9168913960456848
789,109645,125246,0,2400,0.8989041447639465
790,129242,99785,0,44,0.9238616228103638
791,83353,135779,0,15,0.8583926260471344
792,136900,87381,0,668,0.9051673114299774
793,127535,127840,0,624,0.9367214441299438
794,94888,104192,0,1434,0.9024246037006378
795,79434,77514,0,4228,0.855402022600174
796,89424,86244,0,52,0.8966568112373352
797,135198,79448,0,5361,0.9097566306591034
798,91241,102626,0,3,0.929225355386734
799,88052,92293,0,1524,0.8671392202377319
800,115479,115264,0,2,0.933611661195755
801,106335,82167,0,41457,0.8902393579483032
802,98722,122189,0,392,0.9153389036655426
803,83793,135002,0,52,0.9146734476089478
804,85642,90264,0,3465,0.8794235587120056
805,125494,131942,0,1668,0.8701475858688354
806,118809,83765,0,52,0.9332705140113831
807,77278,104544,0,319,0.8608713150024414
808,101026,128845,0,2392,0.8943931460380554
809,134172,109448,0,343,0.8999780416488647
810,125424,134262,0,3,0.8927762806415558
811,113250,130277,0,4,0.9097109436988831
812,97441,89999,0,102,0.9129135608673096
813,85695,116017,0,7267,0.8987227082252502
814,75066,99165,0,61,0.9235124886035919
815,118617,79441,0,839,0.880092978477478
816,91271,120921,0,22,0.9039836823940277
817,122849,127600,0,5106,0.8926876783370972
818,99768,99768,1,1,0.8946360051631927
819,139633,130963,0,6807,0.8819461464881897
820,126085,134694,0,24,0.9035356938838959
821,109609,132764,0,40705,0.8578865826129913
822,114494,170550,0,847,0.8886257410049438
823,110229,102664,0,8588,0.8909406065940857
824,74047,72839,0,342,0.9081863462924957
825,118531,100778,0,6,0.8911076486110687
826,114992,191469,0,59,0.9126098453998566
827,74537,94553,0,158,0.9003829061985016
828,92980,89545,0,2378,0.8462277054786682
829,122929,78175,0,3086,0.9006628394126892
830,127496,72454,0,3627,0.8854546546936035
831,92674,122910,0,530,0.9224355816841125
832,73002,134451,0,38,0.8759086728096008
833,138991,82561,0,5,0.877844899892807
834,95930,115970,0,10,0.8646730482578278
835,119788,95768,0,251,0.8684532046318054
836,105238,138064,0,14,0.8961256146430969
837,82217,122329,0,1541,0.865191251039505
838,138145,87054,0,76,0.8920392394065857
839,98298,72976,0,275,0.8661973476409912
840,124634,124634,1,1,0.9272343814373016
841,127505,123196,0,112,0.9222455024719238
842,103889,103110,0,285,0.9256973564624786
843,137696,72818,0,764,0.8978403508663177
844,88991,70367,0,551,0.9050241708755493
845,85819,85819,1,1,0.9259697794914246
846,102118,115875,0,2203,0.8814341723918915
847,81588,102789,0,54,0.9019433856010437
848,96126,130068,0,3276,0.8721900582313538
849,70846,72722,0,2576,0.882761687040329
850,137888,117796,0,1559,0.902119904756546
851,113584,175002,0,73,0.8996142148971558
852,95299,126529,0,4,0.8811505436897278
853,80338,111513,0,20913,0.8911975920200348
854,74171,79267,0,714,0.9135797321796417
855,137732,105471,0,2,0.9193269610404968
856,116677,110584,0,6,0.9270593822002411
857,112749,117876,0,13,0.9196958243846893
858,96395,125330,0,7886,0.897709310054779
859,109650,105017,0,1609,0.8943439424037933
860,134538,177736,0,2,0.9031093716621399
861,99513,92625,0,3,0.9002147316932678
862,112523,112114,0,4296,0.8874770402908325
863,101124,75362,0,22,0.8738108277320862
864,134107,78859,0,1220,0.8831798434257507
865,103441,82368,0,1275,0.8953376412391663
866,101978,79997,0,755,0.894700676202774
867,129447,130065,0,164,0.8980661928653717
868,109983,126287,0,24558,0.8695389330387115
869,105386,116301,0,119,0.9244678914546967
870,75480,86313,0,227,0.9037022888660431
871,120029,120029,1,1,0.9067309498786926
872,128791,127553,0,2511,0.8891690969467163
873,124308,130065,0,1888,0.8828117847442627
874,83536,73835,0,36,0.9255504906177521
875,104004,108991,0,3,0.8706357479095459
876,118241,118552,0,2633,0.8903924226760864
877,138288,93815,0,52,0.9188724458217621
878,73278,182774,0,2,0.8757133185863495
879,99124,127840,0,20,0.9201902449131012
880,75868,99567,0,7182,0.8886334896087646
881,95291,174027,0,1154,0.9110317230224609
882,89918,137445,0,6956,0.876176655292511
883,115526,195963,0,11294,0.8883074820041656
884,74617,80836,0,2,0.9105580151081085
885,75550,124119,0,2359,0.8641064167022705
886,96669,78984,0,88,0.8933409452438354
887,89978,76196,0,11403,0.9132322669029236
888,74575,134708,0,1514,0.8962384164333344
889,106309,76084,0,2978,0.8958999812602997
890,76529,115875,0,7506,0.9139167666435242
891,132361,181734,0,10,0.9079634845256805
892,79665,131468,0,4,0.8996983170509338
893,89907,77381,0,13068,0.876076728105545
894,127186,88765,0,55135,0.8731589913368225
895,84516,113148,0,10,0.9155481457710266
896,109020,71565,0,4,0.9112273752689362
897,74536,118521,0,1176,0.8429122269153595
898,125418,188702,0,6,0.9210779070854187
899,83661,89999,0,815,0.9017069339752197
900,107054,129682,0,3652,0.8887789845466614
901,103266,117407,0,19924,0.9177201092243195
902,131000,105525,0,18956,0.9033010005950928
903,117003,113570,0,164,0.8896186351776123
904,135738,127553,0,46,0.8995167016983032
905,136965,117600,0,20329,0.8577850759029388
906,85140,81563,0,10893,0.9071279466152191
907,116390,125098,0,80,0.8837555348873138
908,122421,136444,0,531,0.8566053211688995
909,101744,117796,0,2162,0.9137079119682312
910,115149,129778,0,5,0.903563529253006
911,91909,177103,0,118,0.8934264481067657
912,96795,90137,0,1041,0.8866496384143829
913,88708,109015,0,112,0.8472397923469543
914,121711,119060,0,6134,0.8864621520042419
915,106330,100324,0,149,0.8981423079967499
916,98167,190674,0,2264,0.8754817247390747
917,137302,135041,0,153,0.8676870465278625
918,136326,106820,0,4,0.9041867256164551
919,116303,127553,0,1371,0.8930263519287109
920,90839,120366,0,8057,0.8721112608909607
921,131442,72051,0,113,0.8621771335601807
922,120433,95786,0,137,0.8711796402931213
923,72827,94420,0,6,0.8567093908786774
924,83702,105108,0,2,0.9217690229415894
925,136805,126555,0,23307,0.8753783106803894
926,137028,115575,0,2060,0.8966018557548523
927,128396,124195,0,623,0.8760328590869904
928,71017,101001,0,48,0.866275280714035
929,82201,101397,0,11712,0.9104587435722351
930,113497,77078,0,2889,0.8665265440940857
931,85752,82941,0,67,0.9004859328269958
932,85663,107188,0,2281,0.8735865652561188
933,100236,88355,0,10958,0.8947926163673401
934,118933,73925,0,2810,0.882369190454483
935,104070,120400,0,24094,0.9056577086448669
936,87860,134089,0,4398,0.9001394808292389
937,91901,109368,0,13634,0.8529459536075592
938,80359,80359,1,1,0.8928950428962708
939,104263,86549,0,17107,0.8506639301776886
940,81359,117234,0,13,0.9010007381439209
941,110601,110601,1,1,0.9254855513572693
942,116476,85338,0,5220,0.8782381415367126
943,92112,93360,0,25,0.9439725279808044
944,87933,124853,0,12,0.890859991312027
945,106929,106929,1,1,0.9171974956989288
946,97233,125629,0,20779,0.8481378257274628
947,88980,123755,0,3,0.8769697546958923
948,110787,84925,0,22,0.879259318113327
949,71107,122074,0,6,0.9043577909469604
950,131387,76196,0,119,0.8953410983085632
951,123410,83998,0,20,0.8935653567314148
952,111866,80902,0,11,0.9329885244369507
953,104488,83343,0,2770,0.9191779494285583
954,73359,78736,0,17985,0.8670058846473694
955,124351,109185,0,64,0.926222026348114
956,127107,180352,0,1502,0.925627201795578
957,94800,104544,0,7676,0.9066875576972961
958,111149,111149,1,1,0.8665991127490997
959,86012,86012,1,1,0.8977804183959961
960,82773,79540,0,1047,0.8922958672046661
961,110968,89880,0,69,0.8838409185409546
962,87771,104453,0,884,0.9077067971229553
963,130093,113889,0,6,0.8935391306877136
964,139746,74015,0,60,0.8953498005867004
965,96560,97936,0,40889,0.901899665594101
966,74366,81925,0,14734,0.8503936231136322
967,118487,105311,0,1948,0.8658870160579681
968,117382,99103,0,44,0.9001351296901703
969,76079,77406,0,2100,0.8994781970977783
970,93840,136296,0,526,0.9060837030410767
971,98183,123374,0,10820,0.8807266354560852
972,84048,138961,0,55,0.8762384057044983
973,137199,75183,0,414,0.8514644801616669
974,139165,104924,0,4518,0.9128654599189758
975,94459,193531,0,18,0.9296568036079407
976,92626,72512,0,8118,0.8944844603538513
977,71955,95558,0,19,0.9250588715076447
978,110801,89545,0,417,0.8803352415561676
979,70369,89209,0,68776,0.8655056655406952
980,93707,113383,0,4212,0.8741918504238129
981,113184,85432,0,2129,0.879016786813736
982,82186,99971,0,604,0.9326496124267578
983,123071,190018,0,8,0.8951030373573303
984,90572,117604,0,53455,0.8911363184452057
985,135479,79754,0,8,0.9269757270812988
986,137127,86979,0,32,0.9465001225471497
987,88550,75257,0,2599,0.8940946757793427
988,103964,112390,0,12254,0.86665278673172
989,76171,110611,0,28,0.9018160104751587
990,132991,99409,0,318,0.8881966769695282
991,90605,77792,0,2974,0.8670677840709686
992,125545,181495,0,2862,0.9356724619865417
993,131510,117225,0,165,0.9047250151634216
994,138603,197020,0,8739,0.9097971618175507
995,134249,116810,0,45380,0.8865443468093872
996,110623,104544,0,6767,0.8951124846935272
997,130278,120122,0,70,0.9429786503314972
998,109482,188559,0,2,0.9096970558166504
999,128689,97134,0,2943,0.8808727562427521
